Workbook

Sheet How to Use
A1: PitchMark TV Game Test Workbook
A2: Designed for live TV-game testing: one person logs the real game, one logs what the app captured, then the reconciliation sheet points to the mismatches.
A4: How to use
A5: 1. Use the Actual Game sheet for the TV-side observer.
A6: 2. Use the App Log sheet for the app entry stream.
A7: 3. Keep Event IDs aligned row-by-row if you want clean reconciliation.
A8: 4. Enter Count Before as text like 2-1 so it matches exactly.
A9: 5. Check the Reconciliation sheet for MATCH / CHECK status and review any DIFF cells.
A11: Suggested columns
A12: Event ID, Inning, Half, Outs Before, Count Before, Event Type, Pitch / Play Detail, Zone / Location, Call / Result, Base State, Runs This Event, Notes
A13: Use short, consistent text so mismatches stand out immediately.
A15: Legend
A16: Yellow cells | B16: Input areas on the two log sheets
A17: Green cells | B17: Exact matches
A18: Red cells | B18: Mismatch or needs review
A19: Gray cards | B19: Summary / labels

Sheet Actual Game
A1: Actual Game
A2: Capture one event per row. Keep Event IDs aligned between both sheets.
A3: Session | B3: ="" | D3: Rows entered | E3: =COUNTA(A8:A307) | G3: Total runs | H3: =SUM(K8:K307) | J3: Last Event ID | K3: =IFERROR(LOOKUP(2,1/(A8:A307<>""),A8:A307),"")
A5: Actual game log
A7: Event ID | B7: Inning | C7: Half | D7: Outs Before | E7: Count Before | F7: Event Type | G7: Pitch / Play Detail | H7: Zone / Location | I7: Call / Result | J7: Base State | K7: Runs This Event | L7: Notes

Sheet App Log
A1: App Log
A2: Capture one event per row. Keep Event IDs aligned between both sheets.
A3: Session | B3: ="" | D3: Rows entered | E3: =COUNTA(A8:A307) | G3: Total runs | H3: =SUM(K8:K307) | J3: Last Event ID | K3: =IFERROR(LOOKUP(2,1/(A8:A307<>""),A8:A307),"")
A5: App log
A7: Event ID | B7: Inning | C7: Half | D7: Outs Before | E7: Count Before | F7: Event Type | G7: Pitch / Play Detail | H7: Zone / Location | I7: Call / Result | J7: Base State | K7: Runs This Event | L7: Notes

Sheet Reconciliation
A1: Reconciliation
A2: Compare what the TV companion entered against what the app recorded. MATCH means the row agrees; CHECK means investigate.
A3: Rows compared | B3: =COUNTIF('Actual Game'!A8:A307,"<>") | D3: Rows needing review | E3: =COUNTIF(AC8:AC307,"CHECK") | G3: Perfect rows | H3: =COUNTIF(AC8:AC307,"MATCH") | J3: Match rate | K3: =IF(B3=0,"",H3/B3) | M3: Mismatched fields | N3: =COUNTIF(D8:D307,"DIFF")+COUNTIF(G8:G307,"DIFF")+COUNTIF(J8:J307,"DIFF")+COUNTIF(M8:M307,"DIFF")+COUNTIF(P8:P307,"DIFF")+COUNTIF(S8:S307,"DIFF")+COUNTIF(V8:V307,"DIFF")+COUNTIF(Y8:Y307,"DIFF")+COUNTIF(AB8:AB307,"DIFF")
A5: Keep Event IDs aligned on both input sheets. If one side misses a row, insert the same Event ID so the review path stays obvious.
A7: Event ID | B7: Inning Obs | C7: Inning App | D7: Inning Match | E7: Half Obs | F7: Half App | G7: Half Match | H7: Outs Obs | I7: Outs App | J7: Outs Match | K7: Count Obs | L7: Count App | M7: Count Match | N7: Event Obs | O7: Event App | P7: Event Match | Q7: Call Obs | R7: Call App | S7: Call Match | T7: Zone Obs | U7: Zone App | V7: Zone Match | W7: Base Obs | X7: Base App | Y7: Base Match | Z7: Runs Obs | AA7: Runs App | AB7: Runs Match | AC7: Overall Status
B8: =IF('Actual Game'!B8="","",'Actual Game'!B8) | C8: =IF('App Log'!B8="","",'App Log'!B8) | D8: =IF(AND('Actual Game'!B8="",'App Log'!B8=""),"",IF(TRIM('Actual Game'!B8&"")=TRIM('App Log'!B8&""),"MATCH","DIFF")) | E8: =IF('Actual Game'!C8="","",'Actual Game'!C8) | F8: =IF('App Log'!C8="","",'App Log'!C8) | G8: =IF(AND('Actual Game'!C8="",'App Log'!C8=""),"",IF(TRIM('Actual Game'!C8&"")=TRIM('App Log'!C8&""),"MATCH","DIFF")) | H8: =IF('Actual Game'!D8="","",'Actual Game'!D8) | I8: =IF('App Log'!D8="","",'App Log'!D8) | J8: =IF(AND('Actual Game'!D8="",'App Log'!D8=""),"",IF(TRIM('Actual Game'!D8&"")=TRIM('App Log'!D8&""),"MATCH","DIFF")) | K8: =IF('Actual Game'!E8="","",'Actual Game'!E8) | L8: =IF('App Log'!E8="","",'App Log'!E8) | M8: =IF(AND('Actual Game'!E8="",'App Log'!E8=""),"",IF(TRIM('Actual Game'!E8&"")=TRIM('App Log'!E8&""),"MATCH","DIFF")) | N8: =IF('Actual Game'!F8="","",'Actual Game'!F8) | O8: =IF('App Log'!F8="","",'App Log'!F8) | P8: =IF(AND('Actual Game'!F8="",'App Log'!F8=""),"",IF(TRIM('Actual Game'!F8&"")=TRIM('App Log'!F8&""),"MATCH","DIFF")) | Q8: =IF('Actual Game'!I8="","",'Actual Game'!I8) | R8: =IF('App Log'!I8="","",'App Log'!I8) | S8: =IF(AND('Actual Game'!I8="",'App Log'!I8=""),"",IF(TRIM('Actual Game'!I8&"")=TRIM('App Log'!I8&""),"MATCH","DIFF")) | T8: =IF('Actual Game'!H8="","",'Actual Game'!H8) | U8: =IF('App Log'!H8="","",'App Log'!H8) | V8: =IF(AND('Actual Game'!H8="",'App Log'!H8=""),"",IF(TRIM('Actual Game'!H8&"")=TRIM('App Log'!H8&""),"MATCH","DIFF")) | W8: =IF('Actual Game'!J8="","",'Actual Game'!J8) | X8: =IF('App Log'!J8="","",'App Log'!J8) | Y8: =IF(AND('Actual Game'!J8="",'App Log'!J8=""),"",IF(TRIM('Actual Game'!J8&"")=TRIM('App Log'!J8&""),"MATCH","DIFF")) | Z8: =IF('Actual Game'!K8="","",'Actual Game'!K8) | AA8: =IF('App Log'!K8="","",'App Log'!K8) | AB8: =IF(AND('Actual Game'!K8="",'App Log'!K8=""),"",IF(TRIM('Actual Game'!K8&"")=TRIM('App Log'!K8&""),"MATCH","DIFF")) | AC8: =IF(AND('Actual Game'!A8="",'App Log'!A8=""),"",IF(COUNTIF(D8:AB8,"DIFF")=0,"MATCH","CHECK"))
B9: =IF('Actual Game'!B9="","",'Actual Game'!B9) | C9: =IF('App Log'!B9="","",'App Log'!B9) | D9: =IF(AND('Actual Game'!B9="",'App Log'!B9=""),"",IF(TRIM('Actual Game'!B9&"")=TRIM('App Log'!B9&""),"MATCH","DIFF")) | E9: =IF('Actual Game'!C9="","",'Actual Game'!C9) | F9: =IF('App Log'!C9="","",'App Log'!C9) | G9: =IF(AND('Actual Game'!C9="",'App Log'!C9=""),"",IF(TRIM('Actual Game'!C9&"")=TRIM('App Log'!C9&""),"MATCH","DIFF")) | H9: =IF('Actual Game'!D9="","",'Actual Game'!D9) | I9: =IF('App Log'!D9="","",'App Log'!D9) | J9: =IF(AND('Actual Game'!D9="",'App Log'!D9=""),"",IF(TRIM('Actual Game'!D9&"")=TRIM('App Log'!D9&""),"MATCH","DIFF")) | K9: =IF('Actual Game'!E9="","",'Actual Game'!E9) | L9: =IF('App Log'!E9="","",'App Log'!E9) | M9: =IF(AND('Actual Game'!E9="",'App Log'!E9=""),"",IF(TRIM('Actual Game'!E9&"")=TRIM('App Log'!E9&""),"MATCH","DIFF")) | N9: =IF('Actual Game'!F9="","",'Actual Game'!F9) | O9: =IF('App Log'!F9="","",'App Log'!F9) | P9: =IF(AND('Actual Game'!F9="",'App Log'!F9=""),"",IF(TRIM('Actual Game'!F9&"")=TRIM('App Log'!F9&""),"MATCH","DIFF")) | Q9: =IF('Actual Game'!I9="","",'Actual Game'!I9) | R9: =IF('App Log'!I9="","",'App Log'!I9) | S9: =IF(AND('Actual Game'!I9="",'App Log'!I9=""),"",IF(TRIM('Actual Game'!I9&"")=TRIM('App Log'!I9&""),"MATCH","DIFF")) | T9: =IF('Actual Game'!H9="","",'Actual Game'!H9) | U9: =IF('App Log'!H9="","",'App Log'!H9) | V9: =IF(AND('Actual Game'!H9="",'App Log'!H9=""),"",IF(TRIM('Actual Game'!H9&"")=TRIM('App Log'!H9&""),"MATCH","DIFF")) | W9: =IF('Actual Game'!J9="","",'Actual Game'!J9) | X9: =IF('App Log'!J9="","",'App Log'!J9) | Y9: =IF(AND('Actual Game'!J9="",'App Log'!J9=""),"",IF(TRIM('Actual Game'!J9&"")=TRIM('App Log'!J9&""),"MATCH","DIFF")) | Z9: =IF('Actual Game'!K9="","",'Actual Game'!K9) | AA9: =IF('App Log'!K9="","",'App Log'!K9) | AB9: =IF(AND('Actual Game'!K9="",'App Log'!K9=""),"",IF(TRIM('Actual Game'!K9&"")=TRIM('App Log'!K9&""),"MATCH","DIFF")) | AC9: =IF(AND('Actual Game'!A9="",'App Log'!A9=""),"",IF(COUNTIF(D9:AB9,"DIFF")=0,"MATCH","CHECK"))
B10: =IF('Actual Game'!B10="","",'Actual Game'!B10) | C10: =IF('App Log'!B10="","",'App Log'!B10) | D10: =IF(AND('Actual Game'!B10="",'App Log'!B10=""),"",IF(TRIM('Actual Game'!B10&"")=TRIM('App Log'!B10&""),"MATCH","DIFF")) | E10: =IF('Actual Game'!C10="","",'Actual Game'!C10) | F10: =IF('App Log'!C10="","",'App Log'!C10) | G10: =IF(AND('Actual Game'!C10="",'App Log'!C10=""),"",IF(TRIM('Actual Game'!C10&"")=TRIM('App Log'!C10&""),"MATCH","DIFF")) | H10: =IF('Actual Game'!D10="","",'Actual Game'!D10) | I10: =IF('App Log'!D10="","",'App Log'!D10) | J10: =IF(AND('Actual Game'!D10="",'App Log'!D10=""),"",IF(TRIM('Actual Game'!D10&"")=TRIM('App Log'!D10&""),"MATCH","DIFF")) | K10: =IF('Actual Game'!E10="","",'Actual Game'!E10) | L10: =IF('App Log'!E10="","",'App Log'!E10) | M10: =IF(AND('Actual Game'!E10="",'App Log'!E10=""),"",IF(TRIM('Actual Game'!E10&"")=TRIM('App Log'!E10&""),"MATCH","DIFF")) | N10: =IF('Actual Game'!F10="","",'Actual Game'!F10) | O10: =IF('App Log'!F10="","",'App Log'!F10) | P10: =IF(AND('Actual Game'!F10="",'App Log'!F10=""),"",IF(TRIM('Actual Game'!F10&"")=TRIM('App Log'!F10&""),"MATCH","DIFF")) | Q10: =IF('Actual Game'!I10="","",'Actual Game'!I10) | R10: =IF('App Log'!I10="","",'App Log'!I10) | S10: =IF(AND('Actual Game'!I10="",'App Log'!I10=""),"",IF(TRIM('Actual Game'!I10&"")=TRIM('App Log'!I10&""),"MATCH","DIFF")) | T10: =IF('Actual Game'!H10="","",'Actual Game'!H10) | U10: =IF('App Log'!H10="","",'App Log'!H10) | V10: =IF(AND('Actual Game'!H10="",'App Log'!H10=""),"",IF(TRIM('Actual Game'!H10&"")=TRIM('App Log'!H10&""),"MATCH","DIFF")) | W10: =IF('Actual Game'!J10="","",'Actual Game'!J10) | X10: =IF('App Log'!J10="","",'App Log'!J10) | Y10: =IF(AND('Actual Game'!J10="",'App Log'!J10=""),"",IF(TRIM('Actual Game'!J10&"")=TRIM('App Log'!J10&""),"MATCH","DIFF")) | Z10: =IF('Actual Game'!K10="","",'Actual Game'!K10) | AA10: =IF('App Log'!K10="","",'App Log'!K10) | AB10: =IF(AND('Actual Game'!K10="",'App Log'!K10=""),"",IF(TRIM('Actual Game'!K10&"")=TRIM('App Log'!K10&""),"MATCH","DIFF")) | AC10: =IF(AND('Actual Game'!A10="",'App Log'!A10=""),"",IF(COUNTIF(D10:AB10,"DIFF")=0,"MATCH","CHECK"))
B11: =IF('Actual Game'!B11="","",'Actual Game'!B11) | C11: =IF('App Log'!B11="","",'App Log'!B11) | D11: =IF(AND('Actual Game'!B11="",'App Log'!B11=""),"",IF(TRIM('Actual Game'!B11&"")=TRIM('App Log'!B11&""),"MATCH","DIFF")) | E11: =IF('Actual Game'!C11="","",'Actual Game'!C11) | F11: =IF('App Log'!C11="","",'App Log'!C11) | G11: =IF(AND('Actual Game'!C11="",'App Log'!C11=""),"",IF(TRIM('Actual Game'!C11&"")=TRIM('App Log'!C11&""),"MATCH","DIFF")) | H11: =IF('Actual Game'!D11="","",'Actual Game'!D11) | I11: =IF('App Log'!D11="","",'App Log'!D11) | J11: =IF(AND('Actual Game'!D11="",'App Log'!D11=""),"",IF(TRIM('Actual Game'!D11&"")=TRIM('App Log'!D11&""),"MATCH","DIFF")) | K11: =IF('Actual Game'!E11="","",'Actual Game'!E11) | L11: =IF('App Log'!E11="","",'App Log'!E11) | M11: =IF(AND('Actual Game'!E11="",'App Log'!E11=""),"",IF(TRIM('Actual Game'!E11&"")=TRIM('App Log'!E11&""),"MATCH","DIFF")) | N11: =IF('Actual Game'!F11="","",'Actual Game'!F11) | O11: =IF('App Log'!F11="","",'App Log'!F11) | P11: =IF(AND('Actual Game'!F11="",'App Log'!F11=""),"",IF(TRIM('Actual Game'!F11&"")=TRIM('App Log'!F11&""),"MATCH","DIFF")) | Q11: =IF('Actual Game'!I11="","",'Actual Game'!I11) | R11: =IF('App Log'!I11="","",'App Log'!I11) | S11: =IF(AND('Actual Game'!I11="",'App Log'!I11=""),"",IF(TRIM('Actual Game'!I11&"")=TRIM('App Log'!I11&""),"MATCH","DIFF")) | T11: =IF('Actual Game'!H11="","",'Actual Game'!H11) | U11: =IF('App Log'!H11="","",'App Log'!H11) | V11: =IF(AND('Actual Game'!H11="",'App Log'!H11=""),"",IF(TRIM('Actual Game'!H11&"")=TRIM('App Log'!H11&""),"MATCH","DIFF")) | W11: =IF('Actual Game'!J11="","",'Actual Game'!J11) | X11: =IF('App Log'!J11="","",'App Log'!J11) | Y11: =IF(AND('Actual Game'!J11="",'App Log'!J11=""),"",IF(TRIM('Actual Game'!J11&"")=TRIM('App Log'!J11&""),"MATCH","DIFF")) | Z11: =IF('Actual Game'!K11="","",'Actual Game'!K11) | AA11: =IF('App Log'!K11="","",'App Log'!K11) | AB11: =IF(AND('Actual Game'!K11="",'App Log'!K11=""),"",IF(TRIM('Actual Game'!K11&"")=TRIM('App Log'!K11&""),"MATCH","DIFF")) | AC11: =IF(AND('Actual Game'!A11="",'App Log'!A11=""),"",IF(COUNTIF(D11:AB11,"DIFF")=0,"MATCH","CHECK"))
B12: =IF('Actual Game'!B12="","",'Actual Game'!B12) | C12: =IF('App Log'!B12="","",'App Log'!B12) | D12: =IF(AND('Actual Game'!B12="",'App Log'!B12=""),"",IF(TRIM('Actual Game'!B12&"")=TRIM('App Log'!B12&""),"MATCH","DIFF")) | E12: =IF('Actual Game'!C12="","",'Actual Game'!C12) | F12: =IF('App Log'!C12="","",'App Log'!C12) | G12: =IF(AND('Actual Game'!C12="",'App Log'!C12=""),"",IF(TRIM('Actual Game'!C12&"")=TRIM('App Log'!C12&""),"MATCH","DIFF")) | H12: =IF('Actual Game'!D12="","",'Actual Game'!D12) | I12: =IF('App Log'!D12="","",'App Log'!D12) | J12: =IF(AND('Actual Game'!D12="",'App Log'!D12=""),"",IF(TRIM('Actual Game'!D12&"")=TRIM('App Log'!D12&""),"MATCH","DIFF")) | K12: =IF('Actual Game'!E12="","",'Actual Game'!E12) | L12: =IF('App Log'!E12="","",'App Log'!E12) | M12: =IF(AND('Actual Game'!E12="",'App Log'!E12=""),"",IF(TRIM('Actual Game'!E12&"")=TRIM('App Log'!E12&""),"MATCH","DIFF")) | N12: =IF('Actual Game'!F12="","",'Actual Game'!F12) | O12: =IF('App Log'!F12="","",'App Log'!F12) | P12: =IF(AND('Actual Game'!F12="",'App Log'!F12=""),"",IF(TRIM('Actual Game'!F12&"")=TRIM('App Log'!F12&""),"MATCH","DIFF")) | Q12: =IF('Actual Game'!I12="","",'Actual Game'!I12) | R12: =IF('App Log'!I12="","",'App Log'!I12) | S12: =IF(AND('Actual Game'!I12="",'App Log'!I12=""),"",IF(TRIM('Actual Game'!I12&"")=TRIM('App Log'!I12&""),"MATCH","DIFF")) | T12: =IF('Actual Game'!H12="","",'Actual Game'!H12) | U12: =IF('App Log'!H12="","",'App Log'!H12) | V12: =IF(AND('Actual Game'!H12="",'App Log'!H12=""),"",IF(TRIM('Actual Game'!H12&"")=TRIM('App Log'!H12&""),"MATCH","DIFF")) | W12: =IF('Actual Game'!J12="","",'Actual Game'!J12) | X12: =IF('App Log'!J12="","",'App Log'!J12) | Y12: =IF(AND('Actual Game'!J12="",'App Log'!J12=""),"",IF(TRIM('Actual Game'!J12&"")=TRIM('App Log'!J12&""),"MATCH","DIFF")) | Z12: =IF('Actual Game'!K12="","",'Actual Game'!K12) | AA12: =IF('App Log'!K12="","",'App Log'!K12) | AB12: =IF(AND('Actual Game'!K12="",'App Log'!K12=""),"",IF(TRIM('Actual Game'!K12&"")=TRIM('App Log'!K12&""),"MATCH","DIFF")) | AC12: =IF(AND('Actual Game'!A12="",'App Log'!A12=""),"",IF(COUNTIF(D12:AB12,"DIFF")=0,"MATCH","CHECK"))
B13: =IF('Actual Game'!B13="","",'Actual Game'!B13) | C13: =IF('App Log'!B13="","",'App Log'!B13) | D13: =IF(AND('Actual Game'!B13="",'App Log'!B13=""),"",IF(TRIM('Actual Game'!B13&"")=TRIM('App Log'!B13&""),"MATCH","DIFF")) | E13: =IF('Actual Game'!C13="","",'Actual Game'!C13) | F13: =IF('App Log'!C13="","",'App Log'!C13) | G13: =IF(AND('Actual Game'!C13="",'App Log'!C13=""),"",IF(TRIM('Actual Game'!C13&"")=TRIM('App Log'!C13&""),"MATCH","DIFF")) | H13: =IF('Actual Game'!D13="","",'Actual Game'!D13) | I13: =IF('App Log'!D13="","",'App Log'!D13) | J13: =IF(AND('Actual Game'!D13="",'App Log'!D13=""),"",IF(TRIM('Actual Game'!D13&"")=TRIM('App Log'!D13&""),"MATCH","DIFF")) | K13: =IF('Actual Game'!E13="","",'Actual Game'!E13) | L13: =IF('App Log'!E13="","",'App Log'!E13) | M13: =IF(AND('Actual Game'!E13="",'App Log'!E13=""),"",IF(TRIM('Actual Game'!E13&"")=TRIM('App Log'!E13&""),"MATCH","DIFF")) | N13: =IF('Actual Game'!F13="","",'Actual Game'!F13) | O13: =IF('App Log'!F13="","",'App Log'!F13) | P13: =IF(AND('Actual Game'!F13="",'App Log'!F13=""),"",IF(TRIM('Actual Game'!F13&"")=TRIM('App Log'!F13&""),"MATCH","DIFF")) | Q13: =IF('Actual Game'!I13="","",'Actual Game'!I13) | R13: =IF('App Log'!I13="","",'App Log'!I13) | S13: =IF(AND('Actual Game'!I13="",'App Log'!I13=""),"",IF(TRIM('Actual Game'!I13&"")=TRIM('App Log'!I13&""),"MATCH","DIFF")) | T13: =IF('Actual Game'!H13="","",'Actual Game'!H13) | U13: =IF('App Log'!H13="","",'App Log'!H13) | V13: =IF(AND('Actual Game'!H13="",'App Log'!H13=""),"",IF(TRIM('Actual Game'!H13&"")=TRIM('App Log'!H13&""),"MATCH","DIFF")) | W13: =IF('Actual Game'!J13="","",'Actual Game'!J13) | X13: =IF('App Log'!J13="","",'App Log'!J13) | Y13: =IF(AND('Actual Game'!J13="",'App Log'!J13=""),"",IF(TRIM('Actual Game'!J13&"")=TRIM('App Log'!J13&""),"MATCH","DIFF")) | Z13: =IF('Actual Game'!K13="","",'Actual Game'!K13) | AA13: =IF('App Log'!K13="","",'App Log'!K13) | AB13: =IF(AND('Actual Game'!K13="",'App Log'!K13=""),"",IF(TRIM('Actual Game'!K13&"")=TRIM('App Log'!K13&""),"MATCH","DIFF")) | AC13: =IF(AND('Actual Game'!A13="",'App Log'!A13=""),"",IF(COUNTIF(D13:AB13,"DIFF")=0,"MATCH","CHECK"))
B14: =IF('Actual Game'!B14="","",'Actual Game'!B14) | C14: =IF('App Log'!B14="","",'App Log'!B14) | D14: =IF(AND('Actual Game'!B14="",'App Log'!B14=""),"",IF(TRIM('Actual Game'!B14&"")=TRIM('App Log'!B14&""),"MATCH","DIFF")) | E14: =IF('Actual Game'!C14="","",'Actual Game'!C14) | F14: =IF('App Log'!C14="","",'App Log'!C14) | G14: =IF(AND('Actual Game'!C14="",'App Log'!C14=""),"",IF(TRIM('Actual Game'!C14&"")=TRIM('App Log'!C14&""),"MATCH","DIFF")) | H14: =IF('Actual Game'!D14="","",'Actual Game'!D14) | I14: =IF('App Log'!D14="","",'App Log'!D14) | J14: =IF(AND('Actual Game'!D14="",'App Log'!D14=""),"",IF(TRIM('Actual Game'!D14&"")=TRIM('App Log'!D14&""),"MATCH","DIFF")) | K14: =IF('Actual Game'!E14="","",'Actual Game'!E14) | L14: =IF('App Log'!E14="","",'App Log'!E14) | M14: =IF(AND('Actual Game'!E14="",'App Log'!E14=""),"",IF(TRIM('Actual Game'!E14&"")=TRIM('App Log'!E14&""),"MATCH","DIFF")) | N14: =IF('Actual Game'!F14="","",'Actual Game'!F14) | O14: =IF('App Log'!F14="","",'App Log'!F14) | P14: =IF(AND('Actual Game'!F14="",'App Log'!F14=""),"",IF(TRIM('Actual Game'!F14&"")=TRIM('App Log'!F14&""),"MATCH","DIFF")) | Q14: =IF('Actual Game'!I14="","",'Actual Game'!I14) | R14: =IF('App Log'!I14="","",'App Log'!I14) | S14: =IF(AND('Actual Game'!I14="",'App Log'!I14=""),"",IF(TRIM('Actual Game'!I14&"")=TRIM('App Log'!I14&""),"MATCH","DIFF")) | T14: =IF('Actual Game'!H14="","",'Actual Game'!H14) | U14: =IF('App Log'!H14="","",'App Log'!H14) | V14: =IF(AND('Actual Game'!H14="",'App Log'!H14=""),"",IF(TRIM('Actual Game'!H14&"")=TRIM('App Log'!H14&""),"MATCH","DIFF")) | W14: =IF('Actual Game'!J14="","",'Actual Game'!J14) | X14: =IF('App Log'!J14="","",'App Log'!J14) | Y14: =IF(AND('Actual Game'!J14="",'App Log'!J14=""),"",IF(TRIM('Actual Game'!J14&"")=TRIM('App Log'!J14&""),"MATCH","DIFF")) | Z14: =IF('Actual Game'!K14="","",'Actual Game'!K14) | AA14: =IF('App Log'!K14="","",'App Log'!K14) | AB14: =IF(AND('Actual Game'!K14="",'App Log'!K14=""),"",IF(TRIM('Actual Game'!K14&"")=TRIM('App Log'!K14&""),"MATCH","DIFF")) | AC14: =IF(AND('Actual Game'!A14="",'App Log'!A14=""),"",IF(COUNTIF(D14:AB14,"DIFF")=0,"MATCH","CHECK"))
B15: =IF('Actual Game'!B15="","",'Actual Game'!B15) | C15: =IF('App Log'!B15="","",'App Log'!B15) | D15: =IF(AND('Actual Game'!B15="",'App Log'!B15=""),"",IF(TRIM('Actual Game'!B15&"")=TRIM('App Log'!B15&""),"MATCH","DIFF")) | E15: =IF('Actual Game'!C15="","",'Actual Game'!C15) | F15: =IF('App Log'!C15="","",'App Log'!C15) | G15: =IF(AND('Actual Game'!C15="",'App Log'!C15=""),"",IF(TRIM('Actual Game'!C15&"")=TRIM('App Log'!C15&""),"MATCH","DIFF")) | H15: =IF('Actual Game'!D15="","",'Actual Game'!D15) | I15: =IF('App Log'!D15="","",'App Log'!D15) | J15: =IF(AND('Actual Game'!D15="",'App Log'!D15=""),"",IF(TRIM('Actual Game'!D15&"")=TRIM('App Log'!D15&""),"MATCH","DIFF")) | K15: =IF('Actual Game'!E15="","",'Actual Game'!E15) | L15: =IF('App Log'!E15="","",'App Log'!E15) | M15: =IF(AND('Actual Game'!E15="",'App Log'!E15=""),"",IF(TRIM('Actual Game'!E15&"")=TRIM('App Log'!E15&""),"MATCH","DIFF")) | N15: =IF('Actual Game'!F15="","",'Actual Game'!F15) | O15: =IF('App Log'!F15="","",'App Log'!F15) | P15: =IF(AND('Actual Game'!F15="",'App Log'!F15=""),"",IF(TRIM('Actual Game'!F15&"")=TRIM('App Log'!F15&""),"MATCH","DIFF")) | Q15: =IF('Actual Game'!I15="","",'Actual Game'!I15) | R15: =IF('App Log'!I15="","",'App Log'!I15) | S15: =IF(AND('Actual Game'!I15="",'App Log'!I15=""),"",IF(TRIM('Actual Game'!I15&"")=TRIM('App Log'!I15&""),"MATCH","DIFF")) | T15: =IF('Actual Game'!H15="","",'Actual Game'!H15) | U15: =IF('App Log'!H15="","",'App Log'!H15) | V15: =IF(AND('Actual Game'!H15="",'App Log'!H15=""),"",IF(TRIM('Actual Game'!H15&"")=TRIM('App Log'!H15&""),"MATCH","DIFF")) | W15: =IF('Actual Game'!J15="","",'Actual Game'!J15) | X15: =IF('App Log'!J15="","",'App Log'!J15) | Y15: =IF(AND('Actual Game'!J15="",'App Log'!J15=""),"",IF(TRIM('Actual Game'!J15&"")=TRIM('App Log'!J15&""),"MATCH","DIFF")) | Z15: =IF('Actual Game'!K15="","",'Actual Game'!K15) | AA15: =IF('App Log'!K15="","",'App Log'!K15) | AB15: =IF(AND('Actual Game'!K15="",'App Log'!K15=""),"",IF(TRIM('Actual Game'!K15&"")=TRIM('App Log'!K15&""),"MATCH","DIFF")) | AC15: =IF(AND('Actual Game'!A15="",'App Log'!A15=""),"",IF(COUNTIF(D15:AB15,"DIFF")=0,"MATCH","CHECK"))
B16: =IF('Actual Game'!B16="","",'Actual Game'!B16) | C16: =IF('App Log'!B16="","",'App Log'!B16) | D16: =IF(AND('Actual Game'!B16="",'App Log'!B16=""),"",IF(TRIM('Actual Game'!B16&"")=TRIM('App Log'!B16&""),"MATCH","DIFF")) | E16: =IF('Actual Game'!C16="","",'Actual Game'!C16) | F16: =IF('App Log'!C16="","",'App Log'!C16) | G16: =IF(AND('Actual Game'!C16="",'App Log'!C16=""),"",IF(TRIM('Actual Game'!C16&"")=TRIM('App Log'!C16&""),"MATCH","DIFF")) | H16: =IF('Actual Game'!D16="","",'Actual Game'!D16) | I16: =IF('App Log'!D16="","",'App Log'!D16) | J16: =IF(AND('Actual Game'!D16="",'App Log'!D16=""),"",IF(TRIM('Actual Game'!D16&"")=TRIM('App Log'!D16&""),"MATCH","DIFF")) | K16: =IF('Actual Game'!E16="","",'Actual Game'!E16) | L16: =IF('App Log'!E16="","",'App Log'!E16) | M16: =IF(AND('Actual Game'!E16="",'App Log'!E16=""),"",IF(TRIM('Actual Game'!E16&"")=TRIM('App Log'!E16&""),"MATCH","DIFF")) | N16: =IF('Actual Game'!F16="","",'Actual Game'!F16) | O16: =IF('App Log'!F16="","",'App Log'!F16) | P16: =IF(AND('Actual Game'!F16="",'App Log'!F16=""),"",IF(TRIM('Actual Game'!F16&"")=TRIM('App Log'!F16&""),"MATCH","DIFF")) | Q16: =IF('Actual Game'!I16="","",'Actual Game'!I16) | R16: =IF('App Log'!I16="","",'App Log'!I16) | S16: =IF(AND('Actual Game'!I16="",'App Log'!I16=""),"",IF(TRIM('Actual Game'!I16&"")=TRIM('App Log'!I16&""),"MATCH","DIFF")) | T16: =IF('Actual Game'!H16="","",'Actual Game'!H16) | U16: =IF('App Log'!H16="","",'App Log'!H16) | V16: =IF(AND('Actual Game'!H16="",'App Log'!H16=""),"",IF(TRIM('Actual Game'!H16&"")=TRIM('App Log'!H16&""),"MATCH","DIFF")) | W16: =IF('Actual Game'!J16="","",'Actual Game'!J16) | X16: =IF('App Log'!J16="","",'App Log'!J16) | Y16: =IF(AND('Actual Game'!J16="",'App Log'!J16=""),"",IF(TRIM('Actual Game'!J16&"")=TRIM('App Log'!J16&""),"MATCH","DIFF")) | Z16: =IF('Actual Game'!K16="","",'Actual Game'!K16) | AA16: =IF('App Log'!K16="","",'App Log'!K16) | AB16: =IF(AND('Actual Game'!K16="",'App Log'!K16=""),"",IF(TRIM('Actual Game'!K16&"")=TRIM('App Log'!K16&""),"MATCH","DIFF")) | AC16: =IF(AND('Actual Game'!A16="",'App Log'!A16=""),"",IF(COUNTIF(D16:AB16,"DIFF")=0,"MATCH","CHECK"))
B17: =IF('Actual Game'!B17="","",'Actual Game'!B17) | C17: =IF('App Log'!B17="","",'App Log'!B17) | D17: =IF(AND('Actual Game'!B17="",'App Log'!B17=""),"",IF(TRIM('Actual Game'!B17&"")=TRIM('App Log'!B17&""),"MATCH","DIFF")) | E17: =IF('Actual Game'!C17="","",'Actual Game'!C17) | F17: =IF('App Log'!C17="","",'App Log'!C17) | G17: =IF(AND('Actual Game'!C17="",'App Log'!C17=""),"",IF(TRIM('Actual Game'!C17&"")=TRIM('App Log'!C17&""),"MATCH","DIFF")) | H17: =IF('Actual Game'!D17="","",'Actual Game'!D17) | I17: =IF('App Log'!D17="","",'App Log'!D17) | J17: =IF(AND('Actual Game'!D17="",'App Log'!D17=""),"",IF(TRIM('Actual Game'!D17&"")=TRIM('App Log'!D17&""),"MATCH","DIFF")) | K17: =IF('Actual Game'!E17="","",'Actual Game'!E17) | L17: =IF('App Log'!E17="","",'App Log'!E17) | M17: =IF(AND('Actual Game'!E17="",'App Log'!E17=""),"",IF(TRIM('Actual Game'!E17&"")=TRIM('App Log'!E17&""),"MATCH","DIFF")) | N17: =IF('Actual Game'!F17="","",'Actual Game'!F17) | O17: =IF('App Log'!F17="","",'App Log'!F17) | P17: =IF(AND('Actual Game'!F17="",'App Log'!F17=""),"",IF(TRIM('Actual Game'!F17&"")=TRIM('App Log'!F17&""),"MATCH","DIFF")) | Q17: =IF('Actual Game'!I17="","",'Actual Game'!I17) | R17: =IF('App Log'!I17="","",'App Log'!I17) | S17: =IF(AND('Actual Game'!I17="",'App Log'!I17=""),"",IF(TRIM('Actual Game'!I17&"")=TRIM('App Log'!I17&""),"MATCH","DIFF")) | T17: =IF('Actual Game'!H17="","",'Actual Game'!H17) | U17: =IF('App Log'!H17="","",'App Log'!H17) | V17: =IF(AND('Actual Game'!H17="",'App Log'!H17=""),"",IF(TRIM('Actual Game'!H17&"")=TRIM('App Log'!H17&""),"MATCH","DIFF")) | W17: =IF('Actual Game'!J17="","",'Actual Game'!J17) | X17: =IF('App Log'!J17="","",'App Log'!J17) | Y17: =IF(AND('Actual Game'!J17="",'App Log'!J17=""),"",IF(TRIM('Actual Game'!J17&"")=TRIM('App Log'!J17&""),"MATCH","DIFF")) | Z17: =IF('Actual Game'!K17="","",'Actual Game'!K17) | AA17: =IF('App Log'!K17="","",'App Log'!K17) | AB17: =IF(AND('Actual Game'!K17="",'App Log'!K17=""),"",IF(TRIM('Actual Game'!K17&"")=TRIM('App Log'!K17&""),"MATCH","DIFF")) | AC17: =IF(AND('Actual Game'!A17="",'App Log'!A17=""),"",IF(COUNTIF(D17:AB17,"DIFF")=0,"MATCH","CHECK"))
B18: =IF('Actual Game'!B18="","",'Actual Game'!B18) | C18: =IF('App Log'!B18="","",'App Log'!B18) | D18: =IF(AND('Actual Game'!B18="",'App Log'!B18=""),"",IF(TRIM('Actual Game'!B18&"")=TRIM('App Log'!B18&""),"MATCH","DIFF")) | E18: =IF('Actual Game'!C18="","",'Actual Game'!C18) | F18: =IF('App Log'!C18="","",'App Log'!C18) | G18: =IF(AND('Actual Game'!C18="",'App Log'!C18=""),"",IF(TRIM('Actual Game'!C18&"")=TRIM('App Log'!C18&""),"MATCH","DIFF")) | H18: =IF('Actual Game'!D18="","",'Actual Game'!D18) | I18: =IF('App Log'!D18="","",'App Log'!D18) | J18: =IF(AND('Actual Game'!D18="",'App Log'!D18=""),"",IF(TRIM('Actual Game'!D18&"")=TRIM('App Log'!D18&""),"MATCH","DIFF")) | K18: =IF('Actual Game'!E18="","",'Actual Game'!E18) | L18: =IF('App Log'!E18="","",'App Log'!E18) | M18: =IF(AND('Actual Game'!E18="",'App Log'!E18=""),"",IF(TRIM('Actual Game'!E18&"")=TRIM('App Log'!E18&""),"MATCH","DIFF")) | N18: =IF('Actual Game'!F18="","",'Actual Game'!F18) | O18: =IF('App Log'!F18="","",'App Log'!F18) | P18: =IF(AND('Actual Game'!F18="",'App Log'!F18=""),"",IF(TRIM('Actual Game'!F18&"")=TRIM('App Log'!F18&""),"MATCH","DIFF")) | Q18: =IF('Actual Game'!I18="","",'Actual Game'!I18) | R18: =IF('App Log'!I18="","",'App Log'!I18) | S18: =IF(AND('Actual Game'!I18="",'App Log'!I18=""),"",IF(TRIM('Actual Game'!I18&"")=TRIM('App Log'!I18&""),"MATCH","DIFF")) | T18: =IF('Actual Game'!H18="","",'Actual Game'!H18) | U18: =IF('App Log'!H18="","",'App Log'!H18) | V18: =IF(AND('Actual Game'!H18="",'App Log'!H18=""),"",IF(TRIM('Actual Game'!H18&"")=TRIM('App Log'!H18&""),"MATCH","DIFF")) | W18: =IF('Actual Game'!J18="","",'Actual Game'!J18) | X18: =IF('App Log'!J18="","",'App Log'!J18) | Y18: =IF(AND('Actual Game'!J18="",'App Log'!J18=""),"",IF(TRIM('Actual Game'!J18&"")=TRIM('App Log'!J18&""),"MATCH","DIFF")) | Z18: =IF('Actual Game'!K18="","",'Actual Game'!K18) | AA18: =IF('App Log'!K18="","",'App Log'!K18) | AB18: =IF(AND('Actual Game'!K18="",'App Log'!K18=""),"",IF(TRIM('Actual Game'!K18&"")=TRIM('App Log'!K18&""),"MATCH","DIFF")) | AC18: =IF(AND('Actual Game'!A18="",'App Log'!A18=""),"",IF(COUNTIF(D18:AB18,"DIFF")=0,"MATCH","CHECK"))
B19: =IF('Actual Game'!B19="","",'Actual Game'!B19) | C19: =IF('App Log'!B19="","",'App Log'!B19) | D19: =IF(AND('Actual Game'!B19="",'App Log'!B19=""),"",IF(TRIM('Actual Game'!B19&"")=TRIM('App Log'!B19&""),"MATCH","DIFF")) | E19: =IF('Actual Game'!C19="","",'Actual Game'!C19) | F19: =IF('App Log'!C19="","",'App Log'!C19) | G19: =IF(AND('Actual Game'!C19="",'App Log'!C19=""),"",IF(TRIM('Actual Game'!C19&"")=TRIM('App Log'!C19&""),"MATCH","DIFF")) | H19: =IF('Actual Game'!D19="","",'Actual Game'!D19) | I19: =IF('App Log'!D19="","",'App Log'!D19) | J19: =IF(AND('Actual Game'!D19="",'App Log'!D19=""),"",IF(TRIM('Actual Game'!D19&"")=TRIM('App Log'!D19&""),"MATCH","DIFF")) | K19: =IF('Actual Game'!E19="","",'Actual Game'!E19) | L19: =IF('App Log'!E19="","",'App Log'!E19) | M19: =IF(AND('Actual Game'!E19="",'App Log'!E19=""),"",IF(TRIM('Actual Game'!E19&"")=TRIM('App Log'!E19&""),"MATCH","DIFF")) | N19: =IF('Actual Game'!F19="","",'Actual Game'!F19) | O19: =IF('App Log'!F19="","",'App Log'!F19) | P19: =IF(AND('Actual Game'!F19="",'App Log'!F19=""),"",IF(TRIM('Actual Game'!F19&"")=TRIM('App Log'!F19&""),"MATCH","DIFF")) | Q19: =IF('Actual Game'!I19="","",'Actual Game'!I19) | R19: =IF('App Log'!I19="","",'App Log'!I19) | S19: =IF(AND('Actual Game'!I19="",'App Log'!I19=""),"",IF(TRIM('Actual Game'!I19&"")=TRIM('App Log'!I19&""),"MATCH","DIFF")) | T19: =IF('Actual Game'!H19="","",'Actual Game'!H19) | U19: =IF('App Log'!H19="","",'App Log'!H19) | V19: =IF(AND('Actual Game'!H19="",'App Log'!H19=""),"",IF(TRIM('Actual Game'!H19&"")=TRIM('App Log'!H19&""),"MATCH","DIFF")) | W19: =IF('Actual Game'!J19="","",'Actual Game'!J19) | X19: =IF('App Log'!J19="","",'App Log'!J19) | Y19: =IF(AND('Actual Game'!J19="",'App Log'!J19=""),"",IF(TRIM('Actual Game'!J19&"")=TRIM('App Log'!J19&""),"MATCH","DIFF")) | Z19: =IF('Actual Game'!K19="","",'Actual Game'!K19) | AA19: =IF('App Log'!K19="","",'App Log'!K19) | AB19: =IF(AND('Actual Game'!K19="",'App Log'!K19=""),"",IF(TRIM('Actual Game'!K19&"")=TRIM('App Log'!K19&""),"MATCH","DIFF")) | AC19: =IF(AND('Actual Game'!A19="",'App Log'!A19=""),"",IF(COUNTIF(D19:AB19,"DIFF")=0,"MATCH","CHECK"))
... B307: =IF('Actual Game'!B307="","",'Actual Game'!B307) | C307: =IF('App Log'!B307="","",'App Log'!B307) | D307: =IF(AND('Actual Game'!B307="",'App Log'!B307=""),"",IF(TRIM('Actual Game'!B307&"")=TRIM('App Log'!B307&""),"MATCH","DIFF")) | E307: =IF('Actual Game'!C307="","",'Actual Game'!C307) | F307: =IF('App Log'!C307="","",'App Log'!C307) | G307: =IF(AND('Actual Game'!C307="",'App Log'!C307=""),"",IF(TRIM('Actual Game'!C307&"")=TRIM('App Log'!C307&""),"MATCH","DIFF")) | H307: =IF('Actual Game'!D307="","",'Actual Game'!D307) | I307: =IF('App Log'!D307="","",'App Log'!D307) | J307: =IF(AND('Actual Game'!D307="",'App Log'!D307=""),"",IF(TRIM('Actual Game'!D307&"")=TRIM('App Log'!D307&""),"MATCH","DIFF")) | K307: =IF('Actual Game'!E307="","",'Actual Game'!E307) | L307: =IF('App Log'!E307="","",'App Log'!E307) | M307: =IF(AND('Actual Game'!E307="",'App Log'!E307=""),"",IF(TRIM('Actual Game'!E307&"")=TRIM('App Log'!E307&""),"MATCH","DIFF")) | N307: =IF('Actual Game'!F307="","",'Actual Game'!F307) | O307: =IF('App Log'!F307="","",'App Log'!F307) | P307: =IF(AND('Actual Game'!F307="",'App Log'!F307=""),"",IF(TRIM('Actual Game'!F307&"")=TRIM('App Log'!F307&""),"MATCH","DIFF")) | Q307: =IF('Actual Game'!I307="","",'Actual Game'!I307) | R307: =IF('App Log'!I307="","",'App Log'!I307) | S307: =IF(AND('Actual Game'!I307="",'App Log'!I307=""),"",IF(TRIM('Actual Game'!I307&"")=TRIM('App Log'!I307&""),"MATCH","DIFF")) | T307: =IF('Actual Game'!H307="","",'Actual Game'!H307) | U307: =IF('App Log'!H307="","",'App Log'!H307) | V307: =IF(AND('Actual Game'!H307="",'App Log'!H307=""),"",IF(TRIM('Actual Game'!H307&"")=TRIM('App Log'!H307&""),"MATCH","DIFF")) | W307: =IF('Actual Game'!J307="","",'Actual Game'!J307) | X307: =IF('App Log'!J307="","",'App Log'!J307) | Y307: =IF(AND('Actual Game'!J307="",'App Log'!J307=""),"",IF(TRIM('Actual Game'!J307&"")=TRIM('App Log'!J307&""),"MATCH","DIFF")) | Z307: =IF('Actual Game'!K307="","",'Actual Game'!K307) | AA307: =IF('App Log'!K307="","",'App Log'!K307) | AB307: =IF(AND('Actual Game'!K307="",'App Log'!K307=""),"",IF(TRIM('Actual Game'!K307&"")=TRIM('App Log'!K307&""),"MATCH","DIFF")) | AC307: =IF(AND('Actual Game'!A307="",'App Log'!A307=""),"",IF(COUNTIF(D307:AB307,"DIFF")=0,"MATCH","CHECK"))
